{
  "R_HP_nose": 2000,
  "R_TS_over_HP": 0.7585632496605853,
  "nose_vec": [
    -0.93,
    -0.26,
    0.26
  ],
  "ISM_rho": 0.1,
  "ISM_T": 6300,
  "ISM_B": 0.3,
  "SW_Mdot": 8833.33333333454,
  "SW_v": 913.3333333333816,
  "morphology": "bubble",
  "shape_params": [
    0.1
  ]
}