{
  "R_HP_nose": 1745.7054584035484,
  "R_TS_over_HP": 0.7585851246756417,
  "nose_vec": [
    -0.93,
    -0.26,
    0.26
  ],
  "ISM_rho": 0.1,
  "ISM_T": 6300,
  "ISM_B": 0.3,
  "SW_Mdot": 175.99999999999716,
  "SW_v": 434.99999999999943,
  "morphology": "croissant",
  "shape_params": [
    1.5,
    0.7,
    0.3
  ]
}