{
  "R_HP_nose": 2000,
  "R_TS_over_HP": 0.7990163703765266,
  "nose_vec": [
    -0.93,
    -0.26,
    0.26
  ],
  "ISM_rho": 0.1,
  "ISM_T": 6300,
  "ISM_B": 0.3,
  "SW_Mdot": 4833.333333333923,
  "SW_v": 753.3333333333569,
  "morphology": "bubble",
  "shape_params": [
    0.1
  ]
}