{
  "R_HP_nose": 1055.2488668437366,
  "R_TS_over_HP": 0.7881853189288786,
  "nose_vec": [
    -0.93,
    -0.26,
    0.26
  ],
  "ISM_rho": 0.1,
  "ISM_T": 6300,
  "ISM_B": 0.3,
  "SW_Mdot": 70.9999999999994,
  "SW_v": 413.9999999999999,
  "morphology": "croissant",
  "shape_params": [
    1.5,
    0.7,
    0.3
  ]
}