{
  "R_HP_nose": 2000,
  "R_TS_over_HP": 0.7994286692932228,
  "nose_vec": [
    -0.93,
    -0.26,
    0.26
  ],
  "ISM_rho": 0.1,
  "ISM_T": 6300,
  "ISM_B": 0.3,
  "SW_Mdot": 3666.6666666670776,
  "SW_v": 706.6666666666831,
  "morphology": "bubble",
  "shape_params": [
    0.1
  ]
}