{
  "R_HP_nose": 885.7156608500253,
  "R_TS_over_HP": 0.7726012893589176,
  "nose_vec": [
    -0.93,
    -0.26,
    0.26
  ],
  "ISM_rho": 0.1,
  "ISM_T": 6300,
  "ISM_B": 0.3,
  "SW_Mdot": 50.99999999999982,
  "SW_v": 409.99999999999994,
  "morphology": "croissant",
  "shape_params": [
    1.5,
    0.7,
    0.3
  ]
}