{
  "R_HP_nose": 790.2735933839625,
  "R_TS_over_HP": 0.7632900677894564,
  "nose_vec": [
    -0.93,
    -0.26,
    0.26
  ],
  "ISM_rho": 0.1,
  "ISM_T": 6300,
  "ISM_B": 0.3,
  "SW_Mdot": 41.000000000000036,
  "SW_v": 408,
  "morphology": "croissant",
  "shape_params": [
    1.5,
    0.7,
    0.3
  ]
}