{
  "R_HP_nose": 2000,
  "R_TS_over_HP": 0.7536025501810663,
  "nose_vec": [
    -0.93,
    -0.26,
    0.26
  ],
  "ISM_rho": 0.1,
  "ISM_T": 6300,
  "ISM_B": 0.3,
  "SW_Mdot": 9166.666666667925,
  "SW_v": 926.666666666717,
  "morphology": "bubble",
  "shape_params": [
    0.1
  ]
}