{
  "R_HP_nose": 1443.110483361363,
  "R_TS_over_HP": 0.7960872712453371,
  "nose_vec": [
    -0.93,
    -0.26,
    0.26
  ],
  "ISM_rho": 0.1,
  "ISM_T": 6300,
  "ISM_B": 0.3,
  "SW_Mdot": 125.99999999999822,
  "SW_v": 424.99999999999966,
  "morphology": "croissant",
  "shape_params": [
    1.5,
    0.7,
    0.3
  ]
}