{
  "R_HP_nose": 1802.8653339787852,
  "R_TS_over_HP": 0.7486280506378423,
  "nose_vec": [
    -0.93,
    -0.26,
    0.26
  ],
  "ISM_rho": 0.1,
  "ISM_T": 6300,
  "ISM_B": 0.3,
  "SW_Mdot": 185.99999999999693,
  "SW_v": 436.9999999999994,
  "morphology": "croissant",
  "shape_params": [
    1.5,
    0.7,
    0.3
  ]
}