{
  "R_HP_nose": 2000,
  "R_TS_over_HP": 0.7997435902643587,
  "nose_vec": [
    -0.93,
    -0.26,
    0.26
  ],
  "ISM_rho": 0.1,
  "ISM_T": 6300,
  "ISM_B": 0.3,
  "SW_Mdot": 3833.3333333337696,
  "SW_v": 713.3333333333508,
  "morphology": "bubble",
  "shape_params": [
    0.1
  ]
}