{
  "R_HP_nose": 1969.4999802360805,
  "R_TS_over_HP": 0.7206461876160208,
  "nose_vec": [
    -0.93,
    -0.26,
    0.26
  ],
  "ISM_rho": 0.1,
  "ISM_T": 6300,
  "ISM_B": 0.3,
  "SW_Mdot": 215.9999999999963,
  "SW_v": 442.99999999999926,
  "morphology": "croissant",
  "shape_params": [
    1.5,
    0.7,
    0.3
  ]
}