{
  "R_HP_nose": 1774.3984755685349,
  "R_TS_over_HP": 0.7536246960390706,
  "nose_vec": [
    -0.93,
    -0.26,
    0.26
  ],
  "ISM_rho": 0.1,
  "ISM_T": 6300,
  "ISM_B": 0.3,
  "SW_Mdot": 180.99999999999704,
  "SW_v": 435.99999999999943,
  "morphology": "croissant",
  "shape_params": [
    1.5,
    0.7,
    0.3
  ]
}