{
  "R_HP_nose": 2000,
  "R_TS_over_HP": 0.791303931252025,
  "nose_vec": [
    -0.93,
    -0.26,
    0.26
  ],
  "ISM_rho": 0.1,
  "ISM_T": 6300,
  "ISM_B": 0.3,
  "SW_Mdot": 6166.666666667462,
  "SW_v": 806.6666666666985,
  "morphology": "bubble",
  "shape_params": [
    0.1
  ]
}