{
  "R_HP_nose": 2000,
  "R_TS_over_HP": 0.7969460122867313,
  "nose_vec": [
    -0.93,
    -0.26,
    0.26
  ],
  "ISM_rho": 0.1,
  "ISM_T": 6300,
  "ISM_B": 0.3,
  "SW_Mdot": 3000.000000000308,
  "SW_v": 680.0000000000123,
  "morphology": "bubble",
  "shape_params": [
    0.1
  ]
}