{
  "R_HP_nose": 2000,
  "R_TS_over_HP": 0.7898440118507565,
  "nose_vec": [
    -0.93,
    -0.26,
    0.26
  ],
  "ISM_rho": 0.1,
  "ISM_T": 6300,
  "ISM_B": 0.3,
  "SW_Mdot": 6333.333333334155,
  "SW_v": 813.3333333333662,
  "morphology": "bubble",
  "shape_params": [
    0.1
  ]
}