{
  "R_HP_nose": 2000,
  "R_TS_over_HP": 0.7681792543691165,
  "nose_vec": [
    -0.93,
    -0.26,
    0.26
  ],
  "ISM_rho": 0.1,
  "ISM_T": 6300,
  "ISM_B": 0.3,
  "SW_Mdot": 8166.66666666777,
  "SW_v": 886.6666666667109,
  "morphology": "bubble",
  "shape_params": [
    0.1
  ]
}