{
  "R_HP_nose": 2000,
  "R_TS_over_HP": 0.7338978572437267,
  "nose_vec": [
    -0.93,
    -0.26,
    0.26
  ],
  "ISM_rho": 0.1,
  "ISM_T": 6300,
  "ISM_B": 0.3,
  "SW_Mdot": 10500.000000001462,
  "SW_v": 980.0000000000584,
  "morphology": "bubble",
  "shape_params": [
    0.1
  ]
}