{
  "R_HP_nose": 1094.4105522494692,
  "R_TS_over_HP": 0.7912169931744121,
  "nose_vec": [
    -0.93,
    -0.26,
    0.26
  ],
  "ISM_rho": 0.1,
  "ISM_T": 6300,
  "ISM_B": 0.3,
  "SW_Mdot": 75.99999999999929,
  "SW_v": 414.9999999999999,
  "morphology": "croissant",
  "shape_params": [
    1.5,
    0.7,
    0.3
  ]
}