{
  "R_HP_nose": 1568.0470836082882,
  "R_TS_over_HP": 0.7848984532775075,
  "nose_vec": [
    -0.93,
    -0.26,
    0.26
  ],
  "ISM_rho": 0.1,
  "ISM_T": 6300,
  "ISM_B": 0.3,
  "SW_Mdot": 145.99999999999778,
  "SW_v": 428.99999999999955,
  "morphology": "croissant",
  "shape_params": [
    1.5,
    0.7,
    0.3
  ]
}