{
  "R_HP_nose": 2000,
  "R_TS_over_HP": 0.7486058552109834,
  "nose_vec": [
    -0.93,
    -0.26,
    0.26
  ],
  "ISM_rho": 0.1,
  "ISM_T": 6300,
  "ISM_B": 0.3,
  "SW_Mdot": 9500.000000001308,
  "SW_v": 940.0000000000523,
  "morphology": "bubble",
  "shape_params": [
    0.1
  ]
}