{
  "R_HP_nose": 2000,
  "R_TS_over_HP": 0.7960273633827821,
  "nose_vec": [
    -0.93,
    -0.26,
    0.26
  ],
  "ISM_rho": 0.1,
  "ISM_T": 6300,
  "ISM_B": 0.3,
  "SW_Mdot": 2833.3333333336154,
  "SW_v": 673.3333333333446,
  "morphology": "bubble",
  "shape_params": [
    0.1
  ]
}