{
  "R_HP_nose": 2000,
  "R_TS_over_HP": 0.7811320599067587,
  "nose_vec": [
    -0.93,
    -0.26,
    0.26
  ],
  "ISM_rho": 0.1,
  "ISM_T": 6300,
  "ISM_B": 0.3,
  "SW_Mdot": 7166.6666666676165,
  "SW_v": 846.6666666667047,
  "morphology": "bubble",
  "shape_params": [
    0.1
  ]
}