{
  "R_HP_nose": 1014.9564279871781,
  "R_TS_over_HP": 0.7847721095989955,
  "nose_vec": [
    -0.93,
    -0.26,
    0.26
  ],
  "ISM_rho": 0.1,
  "ISM_T": 6300,
  "ISM_B": 0.3,
  "SW_Mdot": 65.9999999999995,
  "SW_v": 412.9999999999999,
  "morphology": "croissant",
  "shape_params": [
    1.5,
    0.7,
    0.3
  ]
}