{
  "R_HP_nose": 2000,
  "R_TS_over_HP": 0.7999999566270335,
  "nose_vec": [
    -0.93,
    -0.26,
    0.26
  ],
  "ISM_rho": 0.1,
  "ISM_T": 6300,
  "ISM_B": 0.3,
  "SW_Mdot": 4166.666666667154,
  "SW_v": 726.6666666666862,
  "morphology": "bubble",
  "shape_params": [
    0.1
  ]
}