{
  "R_HP_nose": 1378.1444516178162,
  "R_TS_over_HP": 0.7990207481147351,
  "nose_vec": [
    -0.93,
    -0.26,
    0.26
  ],
  "ISM_rho": 0.1,
  "ISM_T": 6300,
  "ISM_B": 0.3,
  "SW_Mdot": 115.99999999999844,
  "SW_v": 422.99999999999966,
  "morphology": "croissant",
  "shape_params": [
    1.5,
    0.7,
    0.3
  ]
}