{
  "R_HP_nose": 2000,
  "R_TS_over_HP": 0.7120729289427419,
  "nose_vec": [
    -0.93,
    -0.26,
    0.26
  ],
  "ISM_rho": 0.1,
  "ISM_T": 6300,
  "ISM_B": 0.3,
  "SW_Mdot": 855.9999999999827,
  "SW_v": 570.9999999999966,
  "morphology": "croissant",
  "shape_params": [
    1.5,
    0.7,
    0.3
  ]
}