{
  "R_HP_nose": 2000,
  "R_TS_over_HP": 0.7218779305466723,
  "nose_vec": [
    -0.93,
    -0.26,
    0.26
  ],
  "ISM_rho": 0.1,
  "ISM_T": 6300,
  "ISM_B": 0.3,
  "SW_Mdot": 625.9999999999876,
  "SW_v": 524.9999999999975,
  "morphology": "croissant",
  "shape_params": [
    1.5,
    0.7,
    0.3
  ]
}