{
  "R_HP_nose": 2000,
  "R_TS_over_HP": 0.795050962084177,
  "nose_vec": [
    -0.93,
    -0.26,
    0.26
  ],
  "ISM_rho": 0.1,
  "ISM_T": 6300,
  "ISM_B": 0.3,
  "SW_Mdot": 5666.6666666673855,
  "SW_v": 786.6666666666954,
  "morphology": "bubble",
  "shape_params": [
    0.1
  ]
}