{
  "R_HP_nose": 1996.6616934523279,
  "R_TS_over_HP": 0.7167519189258877,
  "nose_vec": [
    -0.93,
    -0.26,
    0.26
  ],
  "ISM_rho": 0.1,
  "ISM_T": 6300,
  "ISM_B": 0.3,
  "SW_Mdot": 220.9999999999962,
  "SW_v": 443.99999999999926,
  "morphology": "croissant",
  "shape_params": [
    1.5,
    0.7,
    0.3
  ]
}