{
  "R_HP_nose": 176.92343810926278,
  "R_TS_over_HP": 0.7981897693142047,
  "nose_vec": [
    -0.93,
    -0.26,
    0.26
  ],
  "ISM_rho": 0.1,
  "ISM_T": 6300,
  "ISM_B": 0.3,
  "SW_Mdot": 2.137962089502229,
  "SW_v": 400,
  "morphology": "cometary",
  "shape_params": [
    1,
    2.5,
    0.5
  ]
}