{
  "R_HP_nose": 1598.3883599973303,
  "R_TS_over_HP": 0.7811494315721191,
  "nose_vec": [
    -0.93,
    -0.26,
    0.26
  ],
  "ISM_rho": 0.1,
  "ISM_T": 6300,
  "ISM_B": 0.3,
  "SW_Mdot": 150.9999999999977,
  "SW_v": 429.99999999999955,
  "morphology": "croissant",
  "shape_params": [
    1.5,
    0.7,
    0.3
  ]
}