{
  "R_HP_nose": 2000,
  "R_TS_over_HP": 0.784882548987915,
  "nose_vec": [
    -0.93,
    -0.26,
    0.26
  ],
  "ISM_rho": 0.1,
  "ISM_T": 6300,
  "ISM_B": 0.3,
  "SW_Mdot": 6833.333333334232,
  "SW_v": 833.3333333333693,
  "morphology": "bubble",
  "shape_params": [
    0.1
  ]
}