{
  "R_HP_nose": 2000,
  "R_TS_over_HP": 0.7847880615103189,
  "nose_vec": [
    -0.93,
    -0.26,
    0.26
  ],
  "ISM_rho": 0.1,
  "ISM_T": 6300,
  "ISM_B": 0.3,
  "SW_Mdot": 1500.0000000000769,
  "SW_v": 620.0000000000031,
  "morphology": "bubble",
  "shape_params": [
    0.1
  ]
}