{
  "R_HP_nose": 683.804980220972,
  "R_TS_over_HP": 0.7534490131564644,
  "nose_vec": [
    -0.93,
    -0.26,
    0.26
  ],
  "ISM_rho": 0.1,
  "ISM_T": 6300,
  "ISM_B": 0.3,
  "SW_Mdot": 31.00000000000025,
  "SW_v": 406.00000000000006,
  "morphology": "croissant",
  "shape_params": [
    1.5,
    0.7,
    0.3
  ]
}