{
  "R_HP_nose": 1276.8366976634006,
  "R_TS_over_HP": 0.7997413395679202,
  "nose_vec": [
    -0.93,
    -0.26,
    0.26
  ],
  "ISM_rho": 0.1,
  "ISM_T": 6300,
  "ISM_B": 0.3,
  "SW_Mdot": 100.99999999999875,
  "SW_v": 419.9999999999998,
  "morphology": "croissant",
  "shape_params": [
    1.5,
    0.7,
    0.3
  ]
}