{
  "R_HP_nose": 1942.177309690061,
  "R_TS_over_HP": 0.7248337498964144,
  "nose_vec": [
    -0.93,
    -0.26,
    0.26
  ],
  "ISM_rho": 0.1,
  "ISM_T": 6300,
  "ISM_B": 0.3,
  "SW_Mdot": 210.99999999999642,
  "SW_v": 441.99999999999926,
  "morphology": "croissant",
  "shape_params": [
    1.5,
    0.7,
    0.3
  ]
}