{
  "R_HP_nose": 170.9170428993532,
  "R_TS_over_HP": 0.7872556580239669,
  "nose_vec": [
    -0.93,
    -0.26,
    0.26
  ],
  "ISM_rho": 0.1,
  "ISM_T": 6300,
  "ISM_B": 0.3,
  "SW_Mdot": 1.9952623149688777,
  "SW_v": 400,
  "morphology": "cometary",
  "shape_params": [
    1,
    2.5,
    0.5
  ]
}