{
  "R_HP_nose": 2000,
  "R_TS_over_HP": 0.7009023915477923,
  "nose_vec": [
    -0.93,
    -0.26,
    0.26
  ],
  "ISM_rho": 0.1,
  "ISM_T": 6300,
  "ISM_B": 0.3,
  "SW_Mdot": 900.9999999999817,
  "SW_v": 579.9999999999964,
  "morphology": "croissant",
  "shape_params": [
    1.5,
    0.7,
    0.3
  ]
}