{
  "R_HP_nose": 2000,
  "R_TS_over_HP": 0.7999746126836711,
  "nose_vec": [
    -0.93,
    -0.26,
    0.26
  ],
  "ISM_rho": 0.1,
  "ISM_T": 6300,
  "ISM_B": 0.3,
  "SW_Mdot": 735.9999999999852,
  "SW_v": 546.999999999997,
  "morphology": "croissant",
  "shape_params": [
    1.5,
    0.7,
    0.3
  ]
}