{
  "R_HP_nose": 2000,
  "R_TS_over_HP": 0.7103977942904833,
  "nose_vec": [
    -0.93,
    -0.26,
    0.26
  ],
  "ISM_rho": 0.1,
  "ISM_T": 6300,
  "ISM_B": 0.3,
  "SW_Mdot": 295.9999999999946,
  "SW_v": 458.9999999999989,
  "morphology": "croissant",
  "shape_params": [
    1.5,
    0.7,
    0.3
  ]
}