{
  "R_HP_nose": 1169.79742106806,
  "R_TS_over_HP": 0.7960186852997082,
  "nose_vec": [
    -0.93,
    -0.26,
    0.26
  ],
  "ISM_rho": 0.1,
  "ISM_T": 6300,
  "ISM_B": 0.3,
  "SW_Mdot": 85.99999999999908,
  "SW_v": 416.99999999999983,
  "morphology": "croissant",
  "shape_params": [
    1.5,
    0.7,
    0.3
  ]
}