{
  "R_HP_nose": 2000,
  "R_TS_over_HP": 0.7926606123358351,
  "nose_vec": [
    -0.93,
    -0.26,
    0.26
  ],
  "ISM_rho": 0.1,
  "ISM_T": 6300,
  "ISM_B": 0.3,
  "SW_Mdot": 6000.000000000769,
  "SW_v": 800.0000000000308,
  "morphology": "bubble",
  "shape_params": [
    0.1
  ]
}