{
  "R_HP_nose": 1410.859999999989,
  "R_TS_over_HP": 0.797792774482254,
  "nose_vec": [
    -0.93,
    -0.26,
    0.26
  ],
  "ISM_rho": 0.1,
  "ISM_T": 6300,
  "ISM_B": 0.3,
  "SW_Mdot": 120.99999999999832,
  "SW_v": 423.99999999999966,
  "morphology": "croissant",
  "shape_params": [
    1.5,
    0.7,
    0.3
  ]
}