{
  "R_HP_nose": 2000,
  "R_TS_over_HP": 0.7688173286961079,
  "nose_vec": [
    -0.93,
    -0.26,
    0.26
  ],
  "ISM_rho": 0.1,
  "ISM_T": 6300,
  "ISM_B": 0.3,
  "SW_Mdot": 360.99999999999324,
  "SW_v": 471.99999999999864,
  "morphology": "croissant",
  "shape_params": [
    1.5,
    0.7,
    0.3
  ]
}