{
  "R_HP_nose": 95.65889922009347,
  "R_TS_over_HP": 0.7131748309554669,
  "nose_vec": [
    -0.93,
    -0.26,
    0.26
  ],
  "ISM_rho": 0.1,
  "ISM_T": 6300,
  "ISM_B": 0.3,
  "SW_Mdot": 0.1,
  "SW_v": 1000,
  "morphology": "bubble",
  "shape_params": [
    0.1
  ]
}