{
  "R_HP_nose": 2000,
  "R_TS_over_HP": 0.7704844672634398,
  "nose_vec": [
    -0.93,
    -0.26,
    0.26
  ],
  "ISM_rho": 0.1,
  "ISM_T": 6300,
  "ISM_B": 0.3,
  "SW_Mdot": 8000.000000001078,
  "SW_v": 880.0000000000431,
  "morphology": "bubble",
  "shape_params": [
    0.1
  ]
}