{
  "R_HP_nose": 839.1268213372153,
  "R_TS_over_HP": 0.768035782361949,
  "nose_vec": [
    -0.93,
    -0.26,
    0.26
  ],
  "ISM_rho": 0.1,
  "ISM_T": 6300,
  "ISM_B": 0.3,
  "SW_Mdot": 45.99999999999993,
  "SW_v": 409,
  "morphology": "croissant",
  "shape_params": [
    1.5,
    0.7,
    0.3
  ]
}