{
  "R_HP_nose": 10,
  "R_TS_over_HP": 0.7040861590673141,
  "nose_vec": [
    -0.93,
    -0.26,
    0.26
  ],
  "ISM_rho": 0.1,
  "ISM_T": 6300,
  "ISM_B": 0.3,
  "SW_Mdot": 0.000001,
  "SW_v": 100,
  "morphology": "bubble",
  "shape_params": [
    0.1
  ]
}