{
  "R_HP_nose": 930.381817508272,
  "R_TS_over_HP": 0.7769409717436047,
  "nose_vec": [
    -0.93,
    -0.26,
    0.26
  ],
  "ISM_rho": 0.1,
  "ISM_T": 6300,
  "ISM_B": 0.3,
  "SW_Mdot": 55.999999999999716,
  "SW_v": 410.99999999999994,
  "morphology": "croissant",
  "shape_params": [
    1.5,
    0.7,
    0.3
  ]
}