{
  "R_HP_nose": 2000,
  "R_TS_over_HP": 0.7608860655288845,
  "nose_vec": [
    -0.93,
    -0.26,
    0.26
  ],
  "ISM_rho": 0.1,
  "ISM_T": 6300,
  "ISM_B": 0.3,
  "SW_Mdot": 980.99999999998,
  "SW_v": 595.999999999996,
  "morphology": "croissant",
  "shape_params": [
    1.5,
    0.7,
    0.3
  ]
}