{
  "R_HP_nose": 738.7050000000014,
  "R_TS_over_HP": 0.7584115632527244,
  "nose_vec": [
    -0.93,
    -0.26,
    0.26
  ],
  "ISM_rho": 0.1,
  "ISM_T": 6300,
  "ISM_B": 0.3,
  "SW_Mdot": 36.00000000000014,
  "SW_v": 407,
  "morphology": "croissant",
  "shape_params": [
    1.5,
    0.7,
    0.3
  ]
}