{
  "R_HP_nose": 2000,
  "R_TS_over_HP": 0.792591765917076,
  "nose_vec": [
    -0.93,
    -0.26,
    0.26
  ],
  "ISM_rho": 0.1,
  "ISM_T": 6300,
  "ISM_B": 0.3,
  "SW_Mdot": 2333.3333333335386,
  "SW_v": 653.3333333333416,
  "morphology": "bubble",
  "shape_params": [
    0.1
  ]
}