{
  "R_HP_nose": 2000,
  "R_TS_over_HP": 0.7984292854960184,
  "nose_vec": [
    -0.93,
    -0.26,
    0.26
  ],
  "ISM_rho": 0.1,
  "ISM_T": 6300,
  "ISM_B": 0.3,
  "SW_Mdot": 3333.3333333336927,
  "SW_v": 693.3333333333477,
  "morphology": "bubble",
  "shape_params": [
    0.1
  ]
}