{
  "R_HP_nose": 2000,
  "R_TS_over_HP": 0.7882845031702211,
  "nose_vec": [
    -0.93,
    -0.26,
    0.26
  ],
  "ISM_rho": 0.1,
  "ISM_T": 6300,
  "ISM_B": 0.3,
  "SW_Mdot": 6500.000000000847,
  "SW_v": 820.0000000000339,
  "morphology": "bubble",
  "shape_params": [
    0.1
  ]
}