{
  "R_HP_nose": 2000,
  "R_TS_over_HP": 0.783048606599896,
  "nose_vec": [
    -0.93,
    -0.26,
    0.26
  ],
  "ISM_rho": 0.1,
  "ISM_T": 6300,
  "ISM_B": 0.3,
  "SW_Mdot": 7000.000000000923,
  "SW_v": 840.000000000037,
  "morphology": "bubble",
  "shape_params": [
    0.1
  ]
}