{
  "R_HP_nose": 2000,
  "R_TS_over_HP": 0.7051231794742219,
  "nose_vec": [
    -0.93,
    -0.26,
    0.26
  ],
  "ISM_rho": 0.1,
  "ISM_T": 6300,
  "ISM_B": 0.3,
  "SW_Mdot": 285.9999999999948,
  "SW_v": 456.999999999999,
  "morphology": "croissant",
  "shape_params": [
    1.5,
    0.7,
    0.3
  ]
}