{
  "R_HP_nose": 2000,
  "R_TS_over_HP": 0.7939106641060225,
  "nose_vec": [
    -0.93,
    -0.26,
    0.26
  ],
  "ISM_rho": 0.1,
  "ISM_T": 6300,
  "ISM_B": 0.3,
  "SW_Mdot": 5833.333333334077,
  "SW_v": 793.333333333363,
  "morphology": "bubble",
  "shape_params": [
    0.1
  ]
}