{
  "R_HP_nose": 2000,
  "R_TS_over_HP": 0.7315521540484361,
  "nose_vec": [
    -0.93,
    -0.26,
    0.26
  ],
  "ISM_rho": 0.1,
  "ISM_T": 6300,
  "ISM_B": 0.3,
  "SW_Mdot": 10666.666666668154,
  "SW_v": 986.6666666667262,
  "morphology": "bubble",
  "shape_params": [
    0.1
  ]
}