{
  "R_HP_nose": 1687.5914614732585,
  "R_TS_over_HP": 0.7681999368845509,
  "nose_vec": [
    -0.93,
    -0.26,
    0.26
  ],
  "ISM_rho": 0.1,
  "ISM_T": 6300,
  "ISM_B": 0.3,
  "SW_Mdot": 165.99999999999739,
  "SW_v": 432.9999999999995,
  "morphology": "croissant",
  "shape_params": [
    1.5,
    0.7,
    0.3
  ]
}