{
  "R_HP_nose": 1914.6860743441541,
  "R_TS_over_HP": 0.7292727650289865,
  "nose_vec": [
    -0.93,
    -0.26,
    0.26
  ],
  "ISM_rho": 0.1,
  "ISM_T": 6300,
  "ISM_B": 0.3,
  "SW_Mdot": 205.99999999999653,
  "SW_v": 440.9999999999993,
  "morphology": "croissant",
  "shape_params": [
    1.5,
    0.7,
    0.3
  ]
}