{
  "R_HP_nose": 1311.1742375300375,
  "R_TS_over_HP": 0.7999999224507147,
  "nose_vec": [
    -0.93,
    -0.26,
    0.26
  ],
  "ISM_rho": 0.1,
  "ISM_T": 6300,
  "ISM_B": 0.3,
  "SW_Mdot": 105.99999999999865,
  "SW_v": 420.9999999999997,
  "morphology": "croissant",
  "shape_params": [
    1.5,
    0.7,
    0.3
  ]
}