{
  "R_HP_nose": 973.3914171082431,
  "R_TS_over_HP": 0.781011468844131,
  "nose_vec": [
    -0.93,
    -0.26,
    0.26
  ],
  "ISM_rho": 0.1,
  "ISM_T": 6300,
  "ISM_B": 0.3,
  "SW_Mdot": 60.99999999999961,
  "SW_v": 411.99999999999994,
  "morphology": "croissant",
  "shape_params": [
    1.5,
    0.7,
    0.3
  ]
}