{
  "R_HP_nose": 2000,
  "R_TS_over_HP": 0.7912295586444295,
  "nose_vec": [
    -0.93,
    -0.26,
    0.26
  ],
  "ISM_rho": 0.1,
  "ISM_T": 6300,
  "ISM_B": 0.3,
  "SW_Mdot": 2166.666666666846,
  "SW_v": 646.6666666666738,
  "morphology": "bubble",
  "shape_params": [
    0.1
  ]
}