{
  "R_HP_nose": 2000,
  "R_TS_over_HP": 0.7949936700409637,
  "nose_vec": [
    -0.93,
    -0.26,
    0.26
  ],
  "ISM_rho": 0.1,
  "ISM_T": 6300,
  "ISM_B": 0.3,
  "SW_Mdot": 2666.6666666669234,
  "SW_v": 666.666666666677,
  "morphology": "bubble",
  "shape_params": [
    0.1
  ]
}