{
  "R_HP_nose": 2000,
  "R_TS_over_HP": 0.7960786561192086,
  "nose_vec": [
    -0.93,
    -0.26,
    0.26
  ],
  "ISM_rho": 0.1,
  "ISM_T": 6300,
  "ISM_B": 0.3,
  "SW_Mdot": 5500.000000000693,
  "SW_v": 780.0000000000277,
  "morphology": "bubble",
  "shape_params": [
    0.1
  ]
}