{
  "R_HP_nose": 2000,
  "R_TS_over_HP": 0.7634383879801291,
  "nose_vec": [
    -0.93,
    -0.26,
    0.26
  ],
  "ISM_rho": 0.1,
  "ISM_T": 6300,
  "ISM_B": 0.3,
  "SW_Mdot": 8500.000000001155,
  "SW_v": 900.0000000000462,
  "morphology": "bubble",
  "shape_params": [
    0.1
  ]
}