{
  "R_HP_nose": 1831.117330968973,
  "R_TS_over_HP": 0.7436451133011338,
  "nose_vec": [
    -0.93,
    -0.26,
    0.26
  ],
  "ISM_rho": 0.1,
  "ISM_T": 6300,
  "ISM_B": 0.3,
  "SW_Mdot": 190.99999999999685,
  "SW_v": 437.9999999999994,
  "morphology": "croissant",
  "shape_params": [
    1.5,
    0.7,
    0.3
  ]
}