{
  "R_HP_nose": 2000,
  "R_TS_over_HP": 0.7436230900747888,
  "nose_vec": [
    -0.93,
    -0.26,
    0.26
  ],
  "ISM_rho": 0.1,
  "ISM_T": 6300,
  "ISM_B": 0.3,
  "SW_Mdot": 9833.333333334693,
  "SW_v": 953.3333333333877,
  "morphology": "bubble",
  "shape_params": [
    0.1
  ]
}