{
  "R_HP_nose": 1506.3389577548483,
  "R_TS_over_HP": 0.7913164403081823,
  "nose_vec": [
    -0.93,
    -0.26,
    0.26
  ],
  "ISM_rho": 0.1,
  "ISM_T": 6300,
  "ISM_B": 0.3,
  "SW_Mdot": 135.999999999998,
  "SW_v": 426.9999999999996,
  "morphology": "croissant",
  "shape_params": [
    1.5,
    0.7,
    0.3
  ]
}