{
  "R_HP_nose": 1887.018179562648,
  "R_TS_over_HP": 0.7339188798418769,
  "nose_vec": [
    -0.93,
    -0.26,
    0.26
  ],
  "ISM_rho": 0.1,
  "ISM_T": 6300,
  "ISM_B": 0.3,
  "SW_Mdot": 200.99999999999662,
  "SW_v": 439.9999999999993,
  "morphology": "croissant",
  "shape_params": [
    1.5,
    0.7,
    0.3
  ]
}