{
  "R_HP_nose": 1206.2084232316495,
  "R_TS_over_HP": 0.7977407262589828,
  "nose_vec": [
    -0.93,
    -0.26,
    0.26
  ],
  "ISM_rho": 0.1,
  "ISM_T": 6300,
  "ISM_B": 0.3,
  "SW_Mdot": 90.99999999999898,
  "SW_v": 417.9999999999998,
  "morphology": "croissant",
  "shape_params": [
    1.5,
    0.7,
    0.3
  ]
}