{
  "R_HP_nose": 2000,
  "R_TS_over_HP": 0.7977473206089744,
  "nose_vec": [
    -0.93,
    -0.26,
    0.26
  ],
  "ISM_rho": 0.1,
  "ISM_T": 6300,
  "ISM_B": 0.3,
  "SW_Mdot": 3166.6666666670003,
  "SW_v": 686.66666666668,
  "morphology": "bubble",
  "shape_params": [
    0.1
  ]
}