{
  "R_HP_nose": 624.6936281590404,
  "R_TS_over_HP": 0.7484520016608365,
  "nose_vec": [
    -0.93,
    -0.26,
    0.26
  ],
  "ISM_rho": 0.1,
  "ISM_T": 6300,
  "ISM_B": 0.3,
  "SW_Mdot": 26.000000000000355,
  "SW_v": 405.00000000000006,
  "morphology": "croissant",
  "shape_params": [
    1.5,
    0.7,
    0.3
  ]
}