{
  "R_HP_nose": 1474.9273397272711,
  "R_TS_over_HP": 0.7939212792285633,
  "nose_vec": [
    -0.93,
    -0.26,
    0.26
  ],
  "ISM_rho": 0.1,
  "ISM_T": 6300,
  "ISM_B": 0.3,
  "SW_Mdot": 130.99999999999812,
  "SW_v": 425.9999999999996,
  "morphology": "croissant",
  "shape_params": [
    1.5,
    0.7,
    0.3
  ]
}