{
  "R_HP_nose": 2000,
  "R_TS_over_HP": 0.7727384796577095,
  "nose_vec": [
    -0.93,
    -0.26,
    0.26
  ],
  "ISM_rho": 0.1,
  "ISM_T": 6300,
  "ISM_B": 0.3,
  "SW_Mdot": 7833.333333334385,
  "SW_v": 873.3333333333753,
  "morphology": "bubble",
  "shape_params": [
    0.1
  ]
}